SITECODE;HABITAT_CODE;ROZLOHA_PASEKY;ROZLOHA_HOLINY;POCET_SEGMENTU_PASEKY
CZ0110040;9170;1,343167559;1,192436973;4
CZ0110040;9180;0,177619936;0;1
CZ0110040;6190;NA;NA;NA
CZ0110040;6210;NA;NA;NA
CZ0110049;4030;NA;NA;NA
CZ0110050;9180;1,039972658;1,013638798;8
CZ0110050;6190;NA;NA;NA
CZ0110050;6210;NA;NA;NA
CZ0110050;6110;NA;NA;NA
CZ0110142;6410;NA;NA;NA
CZ0110142;9170;0,000451946;0;4
CZ0110142;9190;0,758841049;0;9
CZ0110154;8220;NA;NA;NA
CZ0110154;40A0;NA;NA;NA
CZ0110154;6190;NA;NA;NA
CZ0110154;8230;NA;NA;NA
CZ0110154;6210;NA;NA;NA
CZ0114001;9170;0,089024297;0;3
CZ0114001;9180;0;0;0
CZ0114001;6190;NA;NA;NA
CZ0114001;91H0;0;0;0
CZ0114001;6210;NA;NA;NA
CZ0210003;7140;NA;NA;NA
CZ0210008;91F0;0;0;0
CZ0210008;7230;NA;NA;NA
CZ0210010;9170;0,702203664;0;3
CZ0210010;91I0;0;0;0
CZ0210010;6210;NA;NA;NA
CZ0210011;9170;0;0;0
CZ0210011;5130;NA;NA;NA
CZ0210011;6210;NA;NA;NA
CZ0210022;9170;4,59191972;0;16
CZ0210022;6210;NA;NA;NA
CZ0210022;9190;0;0;1
CZ0210023;6510;NA;NA;NA
CZ0210027;9130;0;0;1
CZ0210027;9110;6,16E-05;0;1
CZ0210027;3130;NA;NA;NA
CZ0210028;9130;0;0;2
CZ0210028;9180;0,022583881;0;1
CZ0210028;6190;NA;NA;NA
CZ0210029;6210;NA;NA;NA
CZ0210034;7210;NA;NA;NA
CZ0210043;9110;0;0;0
CZ0210043;9180;0,025803746;0;1
CZ0210044;8230;NA;NA;NA
CZ0210044;6210;NA;NA;NA
CZ0210044;6210p;NA;NA;NA
CZ0210047;9110;0,00421056;0;1
CZ0210047;8220;NA;NA;NA
CZ0210047;9180;0;0;0
CZ0210053;9170;0,574367026;0;5
CZ0210053;4030;NA;NA;NA
CZ0210053;8220;NA;NA;NA
CZ0210053;9180;0,467080264;0;8
CZ0210053;6190;NA;NA;NA
CZ0210053;8150;NA;NA;NA
CZ0210054;7110;NA;NA;NA
CZ0210054;4030;NA;NA;NA
CZ0210054;8220;NA;NA;NA
CZ0210054;7140;NA;NA;NA
CZ0210056;6410;NA;NA;NA
CZ0210056;6510;NA;NA;NA
CZ0210056;6430;NA;NA;NA
CZ0210058;6410;NA;NA;NA
CZ0210058;6230;NA;NA;NA
CZ0210058;6510;NA;NA;NA
CZ0210058;6430;NA;NA;NA
CZ0210062;6410;NA;NA;NA
CZ0210062;6230;NA;NA;NA
CZ0210062;6510;NA;NA;NA
CZ0210062;6430;NA;NA;NA
CZ0210064;2330;NA;NA;NA
CZ0210066;6210;NA;NA;NA
CZ0210100;7220;NA;NA;NA
CZ0210100;9,10E+01;0;0;0
CZ0210100;9150;0,000256826;0;2
CZ0210101;6410;NA;NA;NA
CZ0210101;9170;107,8341985;15,15878464;218
CZ0210101;91I0;0,118445951;0;1
CZ0210101;6510;NA;NA;NA
CZ0210101;3130;NA;NA;NA
CZ0210101;91H0;1,371680383;0;8
CZ0210101;3150;NA;NA;NA
CZ0210101;9,10E+01;0,672589029;0;4
CZ0210101;9190;11,64959127;3,693638525;42
CZ0210101;7230;NA;NA;NA
CZ0210105;9130;0;0;0
CZ0210105;9180;0;0;0
CZ0210105;7220;NA;NA;NA
CZ0210105;9150;0;0;0
CZ0210107;91I0;0;0;0
CZ0210107;9180;0;0;0
CZ0210107;9150;0;0;0
CZ0210109;6410;NA;NA;NA
CZ0210109;9170;0,516243121;0;6
CZ0210109;6210;NA;NA;NA
CZ0210111;91U0;1,441549722;0;7
CZ0210111;6210;NA;NA;NA
CZ0210113;6410;NA;NA;NA
CZ0210113;6510;NA;NA;NA
CZ0210113;7230;NA;NA;NA
CZ0210114;4030;NA;NA;NA
CZ0210114;8210;NA;NA;NA
CZ0210114;2330;NA;NA;NA
CZ0210114;6210;NA;NA;NA
CZ0210118;3140;NA;NA;NA
CZ0210118;6430;NA;NA;NA
CZ0210118;7230;NA;NA;NA
CZ0210150;9170;0,508857787;0;2
CZ0210150;7220;NA;NA;NA
CZ0210152;6410;NA;NA;NA
CZ0210152;6510;NA;NA;NA
CZ0210152;6440;NA;NA;NA
CZ0210152;2330;NA;NA;NA
CZ0210152;3150;NA;NA;NA
CZ0210152;9,10E+01;0;0;0
CZ0210152;91F0;0;0;0
CZ0210152;7210;NA;NA;NA
CZ0210152;6430;NA;NA;NA
CZ0210152;7230;NA;NA;NA
CZ0210153;9170;0,336685094;0;3
CZ0210153;8220;NA;NA;NA
CZ0210153;40A0;NA;NA;NA
CZ0210153;9180;4,79E-08;0;1
CZ0210153;6190;NA;NA;NA
CZ0210172;6410;NA;NA;NA
CZ0210172;6210;NA;NA;NA
CZ0210172;3140;NA;NA;NA
CZ0210172;7210;NA;NA;NA
CZ0210172;7230;NA;NA;NA
CZ0210173;1340;NA;NA;NA
CZ0210175;9170;10,79671647;0;47
CZ0210175;91I0;0,035324965;0;2
CZ0210175;9190;10,58262202;3,670969388;34
CZ0210186;6510;NA;NA;NA
CZ0210186;6440;NA;NA;NA
CZ0210186;3150;NA;NA;NA
CZ0210186;9,10E+01;0,209661946;0;2
CZ0210186;91F0;3,689723272;0;11
CZ0210186;6430;NA;NA;NA
CZ0210409;9170;1,97E-08;0;1
CZ0210409;9180;0;0;0
CZ0210409;6190;NA;NA;NA
CZ0210409;91H0;0;0;1
CZ0210409;8160;NA;NA;NA
CZ0210421;9170;1,439089737;0;6
CZ0210421;91H0;0;0;0
CZ0210704;40A0;NA;NA;NA
CZ0210704;6190;NA;NA;NA
CZ0210708;9130;0,010569295;0;3
CZ0210708;9170;0,410185353;0;6
CZ0210708;40A0;NA;NA;NA
CZ0210708;9180;0,003912383;0;3
CZ0210708;6190;NA;NA;NA
CZ0210708;8160;NA;NA;NA
CZ0210713;6510;NA;NA;NA
CZ0210713;6210;NA;NA;NA
CZ0210714;3150;NA;NA;NA
CZ0210714;9,10E+01;0;0;0
CZ0210714;91F0;0;0;0
CZ0210719;7220;NA;NA;NA
CZ0210720;3140;NA;NA;NA
CZ0210720;7230;NA;NA;NA
CZ0210721;7220;NA;NA;NA
CZ0210726;91U0;1,172291053;0;2
CZ0210729;4030;NA;NA;NA
CZ0210729;8220;NA;NA;NA
CZ0210729;6190;NA;NA;NA
CZ0210729;8230;NA;NA;NA
CZ0210729;6210;NA;NA;NA
CZ0210729;6110;NA;NA;NA
CZ0210730;2330;NA;NA;NA
CZ0210731;7140;NA;NA;NA
CZ0210732;6230;NA;NA;NA
CZ0210732;7140;NA;NA;NA
CZ0210733;4030;NA;NA;NA
CZ0210733;2330;NA;NA;NA
CZ0210734;5130;NA;NA;NA
CZ0212001;3130;NA;NA;NA
CZ0212019;7220;NA;NA;NA
CZ0212019;9,10E+01;0,077312899;0;1
CZ0212019;9190;0,395927467;0;1
CZ0212019;9150;0,121376978;0;1
CZ0212019;7230;NA;NA;NA
CZ0212020;7140;NA;NA;NA
CZ0212020;7230;NA;NA;NA
CZ0212021;6410;NA;NA;NA
CZ0212023;2330;NA;NA;NA
CZ0213065;40A0;NA;NA;NA
CZ0213065;6190;NA;NA;NA
CZ0213065;6210;NA;NA;NA
CZ0213802;9170;1,602943079;1,172449641;3
CZ0213802;8220;NA;NA;NA
CZ0213802;40A0;NA;NA;NA
CZ0213802;9180;0,030893707;0;3
CZ0213802;6190;NA;NA;NA
CZ0214002;9130;0,0002029;0;2
CZ0214002;9170;0,829066309;0;9
CZ0214002;91I0;0,000875502;0;1
CZ0214002;6510;NA;NA;NA
CZ0214002;8210;NA;NA;NA
CZ0214002;8310;NA;NA;NA
CZ0214002;40A0;NA;NA;NA
CZ0214002;9180;0,156920483;0;3
CZ0214002;91H0;0,255629916;0;3
CZ0214002;7220;NA;NA;NA
CZ0214002;8230;NA;NA;NA
CZ0214002;6210;NA;NA;NA
CZ0214002;6210p;NA;NA;NA
CZ0214002;9150;0,024491301;0;2
CZ0214002;8160;NA;NA;NA
CZ0214003;9170;0,517606362;0;9
CZ0214003;5130;NA;NA;NA
CZ0214003;8310;NA;NA;NA
CZ0214003;6210;NA;NA;NA
CZ0214003;6110;NA;NA;NA
CZ0214004;9170;1,986209785;1,253189909;4
CZ0214004;6510;NA;NA;NA
CZ0214004;2330;NA;NA;NA
CZ0214004;9190;0;0;0
CZ0214005;6410;NA;NA;NA
CZ0214005;9170;0,068629066;0;2
CZ0214005;6510;NA;NA;NA
CZ0214005;9180;0;0;0
CZ0214005;9,10E+01;0,000317062;0;2
CZ0214005;6430;NA;NA;NA
CZ0214006;9170;0,006674201;0;4
CZ0214006;4030;NA;NA;NA
CZ0214006;6510;NA;NA;NA
CZ0214006;2330;NA;NA;NA
CZ0214006;6210;NA;NA;NA
CZ0214006;9190;9,95E-05;0;7
CZ0214007;9170;0;0;0
CZ0214007;6510;NA;NA;NA
CZ0214007;6440;NA;NA;NA
CZ0214007;3150;NA;NA;NA
CZ0214007;9,10E+01;0;0;0
CZ0214007;91F0;0;0;0
CZ0214007;7230;NA;NA;NA
CZ0214008;9130;14,10293527;7,914798827;42
CZ0214008;9110;9,95626095;3,208760837;25
CZ0214008;9170;9,475737534;4,692613138;34
CZ0214008;9180;0,336183264;0;14
CZ0214008;8230;NA;NA;NA
CZ0214008;9190;0,061295829;0;3
CZ0214009;6510;NA;NA;NA
CZ0214009;6440;NA;NA;NA
CZ0214009;3150;NA;NA;NA
CZ0214009;91F0;9,482613397;1,239677345;24
CZ0214009;6430;NA;NA;NA
CZ0214011;9130;7,001623555;2,057071386;37
CZ0214011;9110;3,432170722;0;16
CZ0214011;9170;2,281375523;1,328188352;18
CZ0214011;6510;NA;NA;NA
CZ0214011;8220;NA;NA;NA
CZ0214011;40A0;NA;NA;NA
CZ0214011;9180;0,192546826;0;15
CZ0214011;6190;NA;NA;NA
CZ0214011;9,10E+01;2,38E-09;0;1
CZ0214011;8150;NA;NA;NA
CZ0214012;8310;NA;NA;NA
CZ0214013;6410;NA;NA;NA
CZ0214013;9110;26,69820085;1,377368186;182
CZ0214013;6510;NA;NA;NA
CZ0214013;8220;NA;NA;NA
CZ0214013;8310;NA;NA;NA
CZ0214013;8230;NA;NA;NA
CZ0214013;6210;NA;NA;NA
CZ0214013;9,10E+01;0,239891821;0;6
CZ0214013;3140;NA;NA;NA
CZ0214013;7210;NA;NA;NA
CZ0214013;6430;NA;NA;NA
CZ0214013;7230;NA;NA;NA
CZ0214014;3130;NA;NA;NA
CZ0214014;7140;NA;NA;NA
CZ0214014;3150;NA;NA;NA
CZ0214015;9130;0,040661544;0;1
CZ0214015;9170;0,641131994;0;3
CZ0214015;91I0;0;0;0
CZ0214015;8220;NA;NA;NA
CZ0214015;9180;0,013753128;0;1
CZ0214015;9,10E+01;6,04E-09;0;1
CZ0214015;8150;NA;NA;NA
CZ0214017;3270;NA;NA;NA
CZ0214017;9170;8,492848885;0;42
CZ0214017;91I0;0,178616891;0;1
CZ0214017;5130;NA;NA;NA
CZ0214017;8210;NA;NA;NA
CZ0214017;8310;NA;NA;NA
CZ0214017;40A0;NA;NA;NA
CZ0214017;9180;1,170671983;1,128090013;4
CZ0214017;3260;NA;NA;NA
CZ0214017;6190;NA;NA;NA
CZ0214017;91H0;0,145321355;0;5
CZ0214017;7220;NA;NA;NA
CZ0214017;6210;NA;NA;NA
CZ0214017;6210p;NA;NA;NA
CZ0214017;9150;3,435990307;1,974894258;11
CZ0214017;6110;NA;NA;NA
CZ0214017;8160;NA;NA;NA
CZ0214025;8310;NA;NA;NA
CZ0214037;8310;NA;NA;NA
CZ0214037;6190;NA;NA;NA
CZ0214037;6210;NA;NA;NA
CZ0214037;6110;NA;NA;NA
CZ0214041;6410;NA;NA;NA
CZ0214041;6510;NA;NA;NA
CZ0214041;9,10E+01;0,290656167;0;7
CZ0214041;6430;NA;NA;NA
CZ0214042;9410;15,918825;11,01688398;29
CZ0214042;6410;NA;NA;NA
CZ0214042;9130;0;0;0
CZ0214042;9110;2,250681718;1,972620279;4
CZ0214042;6230;NA;NA;NA
CZ0214042;4030;NA;NA;NA
CZ0214042;6510;NA;NA;NA
CZ0214042;8220;NA;NA;NA
CZ0214042;7140;NA;NA;NA
CZ0214042;3150;NA;NA;NA
CZ0214042;91D0;0,644817252;0;9
CZ0214042;6430;NA;NA;NA
CZ0214043;6410;NA;NA;NA
CZ0214043;7230;NA;NA;NA
CZ0214044;6410;NA;NA;NA
CZ0214044;9170;0,859776191;0;6
CZ0214044;6510;NA;NA;NA
CZ0214044;9190;2,656425929;0;10
CZ0214045;7140;NA;NA;NA
CZ0214045;3150;NA;NA;NA
CZ0214045;9,10E+01;0;0;0
CZ0214046;3130;NA;NA;NA
CZ0214047;4030;NA;NA;NA
CZ0214047;7140;NA;NA;NA
CZ0214047;91D0;0;0;1
CZ0214049;2330;NA;NA;NA
CZ0214050;6410;NA;NA;NA
CZ0214050;91I0;1,190403199;0;3
CZ0214050;6510;NA;NA;NA
CZ0214050;6440;NA;NA;NA
CZ0214050;91H0;0;0;1
CZ0214050;6210;NA;NA;NA
CZ0214050;6210p;NA;NA;NA
CZ0214050;3150;NA;NA;NA
CZ0214050;7230;NA;NA;NA
CZ0310001;9130;0,000440303;0;1
CZ0310001;9110;1,217562467;0;10
CZ0310008;3150;NA;NA;NA
CZ0310009;3150;NA;NA;NA
CZ0310010;6410;NA;NA;NA
CZ0310014;9130;0;0;0
CZ0310014;9110;0;0;0
CZ0310014;9180;0;0;0
CZ0310017;9410;5,492469688;2,25347263;13
CZ0310017;7120;NA;NA;NA
CZ0310017;7140;NA;NA;NA
CZ0310017;3150;NA;NA;NA
CZ0310017;91D0;0,000822663;0;1
CZ0310017;9,10E+01;0,435457916;0;4
CZ0310017;6430;NA;NA;NA
CZ0310019;3130;NA;NA;NA
CZ0310019;3150;NA;NA;NA
CZ0310020;9110;0;0;0
CZ0310022;8220;NA;NA;NA
CZ0310032;8220;NA;NA;NA
CZ0310032;3260;NA;NA;NA
CZ0310033;9170;0,250270645;0;1
CZ0310033;8220;NA;NA;NA
CZ0310033;9180;0,375657017;0;4
CZ0310035;3260;NA;NA;NA
CZ0310035;3150;NA;NA;NA
CZ0310057;9410;1,312204964;0;4
CZ0310057;7110;NA;NA;NA
CZ0310057;6230;NA;NA;NA
CZ0310057;7140;NA;NA;NA
CZ0310057;91D0;0,149654065;0;1
CZ0310063;6110;NA;NA;NA
CZ0310067;91U0;0,072121759;0;1
CZ0310070;5130;NA;NA;NA
CZ0310073;3130;NA;NA;NA
CZ0310074;3130;NA;NA;NA
CZ0310074;3150;NA;NA;NA
CZ0310080;7150;NA;NA;NA
CZ0310080;7140;NA;NA;NA
CZ0310084;8210;NA;NA;NA
CZ0310084;6210;NA;NA;NA
CZ0310084;6110;NA;NA;NA
CZ0310163;9410;2,773092865;1,083738426;8
CZ0310163;9130;0,012514198;0;1
CZ0310163;9110;1,35041594;1,026346287;5
CZ0310605;91D0;5,050684975;2,992320945;2
CZ0310610;7120;NA;NA;NA
CZ0310610;91D0;8,566847157;7,517016275;3
CZ0310611;7140;NA;NA;NA
CZ0310611;91D0;0;0;0
CZ0310615;2330;NA;NA;NA
CZ0310618;3150;NA;NA;NA
CZ0310629;3160;NA;NA;NA
CZ0310629;3140;NA;NA;NA
CZ0310630;3140;NA;NA;NA
CZ0313098;7140;NA;NA;NA
CZ0313098;3160;NA;NA;NA
CZ0313128;7150;NA;NA;NA
CZ0313138;6410;NA;NA;NA
CZ0313138;3150;NA;NA;NA
CZ0313513;7110;NA;NA;NA
CZ0313513;91D0;0;0;0
CZ0314021;6410;NA;NA;NA
CZ0314021;7140;NA;NA;NA
CZ0314021;3160;NA;NA;NA
CZ0314021;91D0;0;0;1
CZ0314021;91T0;0;0;0
CZ0314022;9130;3,212361226;0;8
CZ0314022;9110;4,304093764;0;21
CZ0314022;3260;NA;NA;NA
CZ0314022;9,10E+01;0,405715092;0;10
CZ0314022;3140;NA;NA;NA
CZ0314023;2330;NA;NA;NA
CZ0314023;7150;NA;NA;NA
CZ0314023;7140;NA;NA;NA
CZ0314023;3160;NA;NA;NA
CZ0314023;9,10E+01;0;0;0
CZ0314023;91F0;0,128241767;0;1
CZ0314023;9190;1,271017407;0;8
CZ0314024;9410;1373,251271;859,4834889;1525
CZ0314024;7110;NA;NA;NA
CZ0314024;6410;NA;NA;NA
CZ0314024;9130;83,11024391;44,21500931;191
CZ0314024;9110;844,1754471;427,8252496;1731
CZ0314024;7120;NA;NA;NA
CZ0314024;6230;NA;NA;NA
CZ0314024;4030;NA;NA;NA
CZ0314024;6510;NA;NA;NA
CZ0314024;5130;NA;NA;NA
CZ0314024;6520;NA;NA;NA
CZ0314024;8220;NA;NA;NA
CZ0314024;9180;60,63372643;27,74826407;183
CZ0314024;3260;NA;NA;NA
CZ0314024;3130;NA;NA;NA
CZ0314024;7140;NA;NA;NA
CZ0314024;3160;NA;NA;NA
CZ0314024;3150;NA;NA;NA
CZ0314024;91D0;54,04071279;16,23840665;363
CZ0314024;9,10E+01;64,48261314;22,92149176;407
CZ0314024;6430;NA;NA;NA
CZ0314044;6510;NA;NA;NA
CZ0314044;8210;NA;NA;NA
CZ0314044;8310;NA;NA;NA
CZ0314044;91U0;0;0;0
CZ0314044;6110;NA;NA;NA
CZ0314109;7150;NA;NA;NA
CZ0314109;7140;NA;NA;NA
CZ0314109;3160;NA;NA;NA
CZ0314109;91D0;0,18843741;0;4
CZ0314123;6410;NA;NA;NA
CZ0314123;9130;480,0161367;355,9056169;426
CZ0314123;9110;168,3489202;87,96598626;349
CZ0314123;7120;NA;NA;NA
CZ0314123;6230;NA;NA;NA
CZ0314123;6510;NA;NA;NA
CZ0314123;8220;NA;NA;NA
CZ0314123;9180;20,01440762;11,55968062;60
CZ0314123;7140;NA;NA;NA
CZ0314123;3150;NA;NA;NA
CZ0314123;9,10E+01;29,54165272;21,95407171;60
CZ0314123;6430;NA;NA;NA
CZ0314124;6410;NA;NA;NA
CZ0314124;9130;67,67939633;44,85462164;85
CZ0314124;9110;119,0720537;84,60597588;133
CZ0314124;9170;5,257636014;3,197126444;29
CZ0314124;6510;NA;NA;NA
CZ0314124;8220;NA;NA;NA
CZ0314124;91U0;0;0;0
CZ0314124;9180;2,383941715;0;33
CZ0314124;3260;NA;NA;NA
CZ0314124;6190;NA;NA;NA
CZ0314124;6210;NA;NA;NA
CZ0314124;6210p;NA;NA;NA
CZ0314634;8310;NA;NA;NA
CZ0314635;3130;NA;NA;NA
CZ0314636;6230;NA;NA;NA
CZ0314636;6510;NA;NA;NA
CZ0314637;7140;NA;NA;NA
CZ0314637;3140;NA;NA;NA
CZ0314638;3130;NA;NA;NA
CZ0314639;3160;NA;NA;NA
CZ0314639;3140;NA;NA;NA
CZ0314640;3130;NA;NA;NA
CZ0314641;6410;NA;NA;NA
CZ0314641;6510;NA;NA;NA
CZ0314641;7140;NA;NA;NA
CZ0314641;9,10E+01;0;0;0
CZ0314641;6430;NA;NA;NA
CZ0314642;6410;NA;NA;NA
CZ0314648;6410;NA;NA;NA
CZ0320005;6410;NA;NA;NA
CZ0320013;6410;NA;NA;NA
CZ0320013;9,10E+01;0;0;0
CZ0320013;6430;NA;NA;NA
CZ0320022;9130;6,405539265;0;30
CZ0320022;9170;0,16702371;0;1
CZ0320022;9180;1,550548367;0;6
CZ0320023;91U0;0,227542486;0;1
CZ0320023;9150;0,537679164;0;1
CZ0320023;6110;NA;NA;NA
CZ0320029;9170;7,81E-05;0;2
CZ0320029;9180;0;0;0
CZ0320030;9110;1,381629565;0;4
CZ0320030;9180;5,73E-08;0;1
CZ0320037;6230;NA;NA;NA
CZ0320037;7140;NA;NA;NA
CZ0320043;91D0;0;0;0
CZ0320053;9130;17,95331909;3,188442367;65
CZ0320053;9170;10,32004473;0;50
CZ0320053;8220;NA;NA;NA
CZ0320053;9180;1,412936206;0;22
CZ0320053;8230;NA;NA;NA
CZ0320140;9130;2,975639427;0;15
CZ0320140;9180;0,266708837;0;5
CZ0320180;9410;0;0;0
CZ0320180;6410;NA;NA;NA
CZ0320180;9130;0,016138153;0;1
CZ0320180;9110;7,639399426;2,301745532;19
CZ0320180;9180;0,126049706;0;2
CZ0320180;7140;NA;NA;NA
CZ0320180;91D0;0,165258074;0;1
CZ0320180;9190;0;0;0
CZ0320437;6510;NA;NA;NA
CZ0322058;6230;NA;NA;NA
CZ0323142;3260;NA;NA;NA
CZ0323151;6430;NA;NA;NA
CZ0323159;3270;NA;NA;NA
CZ0323159;9170;6,40E-08;0;2
CZ0323159;6510;NA;NA;NA
CZ0323159;9180;1,10E-10;0;1
CZ0324025;9110;2,79E-06;0;1
CZ0324025;9170;0,142331614;0;3
CZ0324025;8220;NA;NA;NA
CZ0324025;9180;0,038773559;0;3
CZ0324025;8150;NA;NA;NA
CZ0324026;3260;NA;NA;NA
CZ0324026;7140;NA;NA;NA
CZ0324026;9,10E+01;11,21313938;9,634568511;22
CZ0324026;6430;NA;NA;NA
CZ0324029;6210;NA;NA;NA
CZ0324029;7140;NA;NA;NA
CZ0324032;6410;NA;NA;NA
CZ0324032;6230;NA;NA;NA
CZ0410001;4030;NA;NA;NA
CZ0410018;6210;NA;NA;NA
CZ0410020;3270;NA;NA;NA
CZ0410020;3260;NA;NA;NA
CZ0410020;3150;NA;NA;NA
CZ0410020;9,10E+01;0;0;0
CZ0410021;9410;4,545128431;1,301708441;10
CZ0410021;6510;NA;NA;NA
CZ0410021;7140;NA;NA;NA
CZ0410021;3160;NA;NA;NA
CZ0410021;91D0;0,703839255;0;5
CZ0410023;6410;NA;NA;NA
CZ0410023;4030;NA;NA;NA
CZ0410023;7140;NA;NA;NA
CZ0410023;3150;NA;NA;NA
CZ0410023;6430;NA;NA;NA
CZ0410038;7150;NA;NA;NA
CZ0410038;7140;NA;NA;NA
CZ0410040;9410;0,071367793;0;2
CZ0410040;7110;NA;NA;NA
CZ0410040;7120;NA;NA;NA
CZ0410040;4030;NA;NA;NA
CZ0410040;6520;NA;NA;NA
CZ0410040;7140;NA;NA;NA
CZ0410040;91D0;0,011401827;0;2
CZ0410046;4030;NA;NA;NA
CZ0410046;8220;NA;NA;NA
CZ0410047;7140;NA;NA;NA
CZ0410047;3150;NA;NA;NA
CZ0410047;3140;NA;NA;NA
CZ0410047;6430;NA;NA;NA
CZ0410150;7150;NA;NA;NA
CZ0410150;7140;NA;NA;NA
CZ0410150;3160;NA;NA;NA
CZ0410150;3150;NA;NA;NA
CZ0410150;91D0;0;0;0
CZ0410150;9,10E+01;0,020425905;0;1
CZ0410150;3140;NA;NA;NA
CZ0410150;1340;NA;NA;NA
CZ0410151;9170;0,176822002;0;2
CZ0410151;9180;0;0;0
CZ0410151;6210;NA;NA;NA
CZ0410151;6210p;NA;NA;NA
CZ0410155;9410;1,756550796;0;7
CZ0410155;6520;NA;NA;NA
CZ0410155;7140;NA;NA;NA
CZ0410155;6430;NA;NA;NA
CZ0410168;9410;3,246052511;0;9
CZ0410168;6230;NA;NA;NA
CZ0410168;6520;NA;NA;NA
CZ0410168;7140;NA;NA;NA
CZ0410168;91D0;0,404312976;0;5
CZ0410176;4030;NA;NA;NA
CZ0410176;8220;NA;NA;NA
CZ0410401;9410;2,090811363;1,290650409;4
CZ0410401;7110;NA;NA;NA
CZ0410401;7120;NA;NA;NA
CZ0410401;7140;NA;NA;NA
CZ0410401;91D0;3,009018551;1,040351073;8
CZ0410404;9410;2,556249003;1,010678265;7
CZ0410404;7140;NA;NA;NA
CZ0410404;3160;NA;NA;NA
CZ0410404;3150;NA;NA;NA
CZ0410413;9130;0;0;1
CZ0410413;9110;0,588142635;0;28
CZ0410413;9170;0,109625005;0;2
CZ0410413;8220;NA;NA;NA
CZ0410413;9180;0,557034606;0;20
CZ0410413;3260;NA;NA;NA
CZ0410413;9,10E+01;0,066840704;0;8
CZ0410414;9410;30,13354917;11,42549891;71
CZ0410414;7110;NA;NA;NA
CZ0410414;7140;NA;NA;NA
CZ0410414;91D0;5,84495899;2,474368195;19
CZ0410438;3140;NA;NA;NA
CZ0410439;3140;NA;NA;NA
CZ0413177;3160;NA;NA;NA
CZ0413177;6430;NA;NA;NA
CZ0413184;3140;NA;NA;NA
CZ0413190;3140;NA;NA;NA
CZ0414026;9410;0,455750244;0;5
CZ0414026;6410;NA;NA;NA
CZ0414026;6230;NA;NA;NA
CZ0414026;4030;NA;NA;NA
CZ0414026;8220;NA;NA;NA
CZ0414026;7140;NA;NA;NA
CZ0414026;6430;NA;NA;NA
CZ0414027;6410;NA;NA;NA
CZ0414027;6230;NA;NA;NA
CZ0414027;4030;NA;NA;NA
CZ0414027;3130;NA;NA;NA
CZ0414027;7140;NA;NA;NA
CZ0414027;3160;NA;NA;NA
CZ0414027;9,10E+01;0,710163513;0;2
CZ0414110;9410;258,6910681;143,3394957;325
CZ0414110;7110;NA;NA;NA
CZ0414110;6230;NA;NA;NA
CZ0414110;4030;NA;NA;NA
CZ0414110;6520;NA;NA;NA
CZ0414110;8220;NA;NA;NA
CZ0414110;7140;NA;NA;NA
CZ0414110;91D0;10,66989656;1,231745207;99
CZ0414110;9140;0;0;1
CZ0414127;9130;278,607165;145,6394884;665
CZ0414127;91I0;31,46390964;13,54952402;71
CZ0414127;6510;NA;NA;NA
CZ0414127;8310;NA;NA;NA
CZ0414127;9180;28,88760536;9,828871155;189
CZ0414127;8230;NA;NA;NA
CZ0414127;6210;NA;NA;NA
CZ0414127;3150;NA;NA;NA
CZ0414127;9,10E+01;19,28890824;6,748900151;208
CZ0420004;9170;0;0;0
CZ0420004;6210;NA;NA;NA
CZ0420007;9170;0;0;0
CZ0420007;91H0;0;0;0
CZ0420007;6210;NA;NA;NA
CZ0420008;91U0;0;0;0
CZ0420012;3270;NA;NA;NA
CZ0420012;4030;NA;NA;NA
CZ0420012;5130;NA;NA;NA
CZ0420012;8220;NA;NA;NA
CZ0420012;40A0;NA;NA;NA
CZ0420012;3260;NA;NA;NA
CZ0420012;6190;NA;NA;NA
CZ0420012;8230;NA;NA;NA
CZ0420012;6210;NA;NA;NA
CZ0420012;9,10E+01;2,22E-06;0;2
CZ0420013;9170;0;0;0
CZ0420013;40A0;NA;NA;NA
CZ0420013;9180;0;0;0
CZ0420013;6190;NA;NA;NA
CZ0420013;8160;NA;NA;NA
CZ0420014;8220;NA;NA;NA
CZ0420014;40A0;NA;NA;NA
CZ0420014;9180;0;0;0
CZ0420014;6190;NA;NA;NA
CZ0420014;6210;NA;NA;NA
CZ0420014;6110;NA;NA;NA
CZ0420015;9170;1,317058029;0;4
CZ0420015;7220;NA;NA;NA
CZ0420015;91F0;0,02325486;0;2
CZ0420021;9130;0,048734703;0;1
CZ0420021;9110;0;0;0
CZ0420021;8220;NA;NA;NA
CZ0420021;9180;0,000955455;0;1
CZ0420026;8220;NA;NA;NA
CZ0420026;40A0;NA;NA;NA
CZ0420026;9180;0,03299002;0;1
CZ0420026;6190;NA;NA;NA
CZ0420026;8150;NA;NA;NA
CZ0420035;9410;52,43401522;27,18785201;14
CZ0420035;7120;NA;NA;NA
CZ0420035;6230;NA;NA;NA
CZ0420035;4030;NA;NA;NA
CZ0420035;6520;NA;NA;NA
CZ0420035;7140;NA;NA;NA
CZ0420035;91D0;20,62139577;11,084874;11
CZ0420035;6430;NA;NA;NA
CZ0420041;9170;0;0;0
CZ0420041;91I0;0;0;0
CZ0420041;91H0;0;0;0
CZ0420044;6210;NA;NA;NA
CZ0420053;9410;0;0;0
CZ0420053;7110;NA;NA;NA
CZ0420053;91D0;0;0;0
CZ0420059;6210;NA;NA;NA
CZ0420061;6210;NA;NA;NA
CZ0420063;6210;NA;NA;NA
CZ0420069;91I0;0,114897587;0;1
CZ0420073;9170;0;0;0
CZ0420073;91I0;0;0;0
CZ0420073;9180;0;0;0
CZ0420073;91H0;0;0;0
CZ0420073;6210;NA;NA;NA
CZ0420074;7110;NA;NA;NA
CZ0420074;7140;NA;NA;NA
CZ0420074;91D0;0,522688005;0;9
CZ0420076;6210;NA;NA;NA
CZ0420082;9130;1,266099837;0;11
CZ0420082;9110;5,144113919;1,118076733;21
CZ0420082;8220;NA;NA;NA
CZ0420082;9180;1,448326353;0;10
CZ0420083;6510;NA;NA;NA
CZ0420083;9,10E+01;0;0;0
CZ0420085;6430;NA;NA;NA
CZ0420144;9410;15,62458109;6,789586616;31
CZ0420144;7110;NA;NA;NA
CZ0420144;7120;NA;NA;NA
CZ0420144;7140;NA;NA;NA
CZ0420144;91D0;5,698565198;1,134454009;18
CZ0420160;6210p;NA;NA;NA
CZ0420160;9,10E+01;0,316619847;0;2
CZ0420160;6430;NA;NA;NA
CZ0420165;91I0;0,211426032;0;4
CZ0420165;6210;NA;NA;NA
CZ0420166;6410;NA;NA;NA
CZ0420166;6230;NA;NA;NA
CZ0420166;7140;NA;NA;NA
CZ0420166;6430;NA;NA;NA
CZ0420171;9,10E+01;0;0;1
CZ0420171;6430;NA;NA;NA
CZ0420406;40A0;NA;NA;NA
CZ0420406;6210;NA;NA;NA
CZ0420406;6210p;NA;NA;NA
CZ0420406;6110;NA;NA;NA
CZ0420416;9130;0;0;0
CZ0420416;8220;NA;NA;NA
CZ0420416;40A0;NA;NA;NA
CZ0420416;9180;0,018803871;0;1
CZ0420416;6190;NA;NA;NA
CZ0420416;8230;NA;NA;NA
CZ0420416;9,10E+01;0,096630035;0;2
CZ0420449;9180;0,012106945;0;2
CZ0420451;6410;NA;NA;NA
CZ0420451;9170;0,941098148;0;8
CZ0420451;6510;NA;NA;NA
CZ0420451;8220;NA;NA;NA
CZ0420451;9180;0,039622098;0;1
CZ0420451;6210;NA;NA;NA
CZ0420451;6210p;NA;NA;NA
CZ0420451;9,10E+01;1,390819053;0;5
CZ0420454;8220;NA;NA;NA
CZ0420454;9180;0;0;2
CZ0420454;8150;NA;NA;NA
CZ0420455;91I0;1,164803139;1,164803139;1
CZ0420455;9180;0;0;1
CZ0420456;9170;1,670061482;1,05010124;2
CZ0420456;91I0;0,53364534;0;1
CZ0420456;8220;NA;NA;NA
CZ0420459;9170;1,269565085;0;10
CZ0420459;91I0;0,131635849;0;2
CZ0420459;6510;NA;NA;NA
CZ0420459;8220;NA;NA;NA
CZ0420459;40A0;NA;NA;NA
CZ0420459;9180;0;0;1
CZ0420459;91H0;0,004493162;0;1
CZ0420459;6210;NA;NA;NA
CZ0420459;6210p;NA;NA;NA
CZ0420460;6210;NA;NA;NA
CZ0420462;8220;NA;NA;NA
CZ0420462;8230;NA;NA;NA
CZ0420500;9110;2,270349813;0;17
CZ0420500;6230;NA;NA;NA
CZ0420500;6510;NA;NA;NA
CZ0420500;8220;NA;NA;NA
CZ0420500;9180;0,419643612;0;6
CZ0420501;6410;NA;NA;NA
CZ0420501;6520;NA;NA;NA
CZ0420501;7140;NA;NA;NA
CZ0420501;91D0;1,890068839;1,600508867;7
CZ0420501;9,10E+01;0,632873761;0;8
CZ0420507;9130;0;0;0
CZ0420507;9110;7,216501943;3,617889124;9
CZ0420507;8220;NA;NA;NA
CZ0420507;8310;NA;NA;NA
CZ0420507;7140;NA;NA;NA
CZ0420507;3150;NA;NA;NA
CZ0420507;9,10E+01;0;0;0
CZ0420520;9130;2,932774053;0;10
CZ0420520;9110;7,357943296;1,758524606;17
CZ0420520;8220;NA;NA;NA
CZ0420520;9180;0;0;0
CZ0420525;6210;NA;NA;NA
CZ0420525;1340;NA;NA;NA
CZ0420528;9410;2,41776069;1,475214665;3
CZ0420528;7110;NA;NA;NA
CZ0420528;7120;NA;NA;NA
CZ0420528;6230;NA;NA;NA
CZ0420528;4030;NA;NA;NA
CZ0420528;6520;NA;NA;NA
CZ0420528;7140;NA;NA;NA
CZ0420528;91D0;0,048912644;0;2
CZ0420528;6430;NA;NA;NA
CZ0422075;6510;NA;NA;NA
CZ0422075;8220;NA;NA;NA
CZ0422075;40A0;NA;NA;NA
CZ0422075;6210;NA;NA;NA
CZ0422077;2330;NA;NA;NA
CZ0422084;2330;NA;NA;NA
CZ0423216;3140;NA;NA;NA
CZ0423225;8220;NA;NA;NA
CZ0423225;6210;NA;NA;NA
CZ0423507;3260;NA;NA;NA
CZ0423507;6430;NA;NA;NA
CZ0423510;3260;NA;NA;NA
CZ0423510;6430;NA;NA;NA
CZ0424030;9130;1,227648173;0;2
CZ0424030;9110;4,945417634;0;27
CZ0424030;8220;NA;NA;NA
CZ0424030;9180;0,315948122;0;2
CZ0424030;9,10E+01;0,382523384;0;5
CZ0424031;9410;5,462067977;0;32
CZ0424031;9130;0,895659434;0;16
CZ0424031;9110;41,3940331;7,965924033;238
CZ0424031;4030;NA;NA;NA
CZ0424031;6510;NA;NA;NA
CZ0424031;8220;NA;NA;NA
CZ0424031;8310;NA;NA;NA
CZ0424031;9180;0,338943068;0;6
CZ0424031;3260;NA;NA;NA
CZ0424033;40A0;NA;NA;NA
CZ0424033;6210;NA;NA;NA
CZ0424033;8150;NA;NA;NA
CZ0424034;6410;NA;NA;NA
CZ0424034;6510;NA;NA;NA
CZ0424034;6430;NA;NA;NA
CZ0424036;91H0;0;0;0
CZ0424036;6210;NA;NA;NA
CZ0424037;9110;0,543540547;0;4
CZ0424037;9170;1,894590992;0;10
CZ0424037;8220;NA;NA;NA
CZ0424037;9180;2,14E-06;0;1
CZ0424037;6210;NA;NA;NA
CZ0424038;6510;NA;NA;NA
CZ0424038;8220;NA;NA;NA
CZ0424038;40A0;NA;NA;NA
CZ0424038;6190;NA;NA;NA
CZ0424038;8230;NA;NA;NA
CZ0424038;6210;NA;NA;NA
CZ0424039;6510;NA;NA;NA
CZ0424039;6210;NA;NA;NA
CZ0424039;6110;NA;NA;NA
CZ0424039;8160;NA;NA;NA
CZ0424111;3270;NA;NA;NA
CZ0424111;9110;11,24084217;4,634109041;25
CZ0424111;4030;NA;NA;NA
CZ0424111;8220;NA;NA;NA
CZ0424111;8310;NA;NA;NA
CZ0424111;9180;0,244927189;0;1
CZ0424111;3260;NA;NA;NA
CZ0424111;9,10E+01;0,50817344;0;4
CZ0424111;91T0;0,063231955;0;5
CZ0424125;9130;18,92303183;3,589868187;108
CZ0424125;6510;NA;NA;NA
CZ0424125;5130;NA;NA;NA
CZ0424125;9180;12,80944666;3,195747745;75
CZ0424125;3260;NA;NA;NA
CZ0424125;6210;NA;NA;NA
CZ0424125;9,10E+01;2,403433566;0;44
CZ0424125;6430;NA;NA;NA
CZ0424127;9410;18,7061935;16,09982224;18
CZ0424127;9130;179,5043523;104,6991373;296
CZ0424127;9110;425,1026999;267,035945;481
CZ0424127;6230;NA;NA;NA
CZ0424127;4030;NA;NA;NA
CZ0424127;6520;NA;NA;NA
CZ0424127;8220;NA;NA;NA
CZ0424127;9180;11,41213946;6,837499243;49
CZ0424127;91D0;10,54146636;7,482286626;14
CZ0424127;9,10E+01;5,696382869;2,904148334;55
CZ0424127;6430;NA;NA;NA
CZ0424129;8230;NA;NA;NA
CZ0424129;6210;NA;NA;NA
CZ0424129;6210p;NA;NA;NA
CZ0424129;9,10E+01;0;0;0
CZ0424133;6210;NA;NA;NA
CZ0424134;6210;NA;NA;NA
CZ0424135;6210;NA;NA;NA
CZ0424135;6210p;NA;NA;NA
CZ0424136;6210;NA;NA;NA
CZ0424138;91F0;0,656155848;0;2
CZ0424139;91F0;1,833468778;0;6
CZ0424140;91F0;0;0;0
CZ0424141;3270;NA;NA;NA
CZ0424141;9180;11,2386344;2,008835017;68
CZ0424141;8150;NA;NA;NA
CZ0424141;6110;NA;NA;NA
CZ0424141;8160;NA;NA;NA
CZ0510028;9130;3,086760023;2,501077578;5
CZ0510028;9110;0,297755915;0;2
CZ0510028;9180;0;0;1
CZ0510164;9130;1,051399237;0;8
CZ0510164;9180;0,034379941;0;2
CZ0510164;9,10E+01;0;0;0
CZ0510191;9130;0,788251801;0;4
CZ0510191;9110;0,859767332;0;7
CZ0510191;8220;NA;NA;NA
CZ0510191;8210;NA;NA;NA
CZ0510191;8310;NA;NA;NA
CZ0510191;9180;0,010980942;0;1
CZ0510191;6210;NA;NA;NA
CZ0510191;6210p;NA;NA;NA
CZ0510191;9150;0,064908613;0;1
CZ0510400;9130;0,131318723;0;3
CZ0510400;9110;32,99818164;7,512128881;69
CZ0510400;8220;NA;NA;NA
CZ0510400;9180;0,434992096;0;1
CZ0510400;9140;7,70067819;4,947915843;13
CZ0510402;9410;4,111421951;0;27
CZ0510402;7110;NA;NA;NA
CZ0510402;6230;NA;NA;NA
CZ0510402;7140;NA;NA;NA
CZ0510402;91D0;4,515854582;0;31
CZ0510403;7110;NA;NA;NA
CZ0510403;91D0;0;0;0
CZ0510405;9410;0,357103986;0;7
CZ0510405;9130;0,173940218;0;1
CZ0510405;6230;NA;NA;NA
CZ0510405;9180;0,114494661;0;3
CZ0510405;7140;NA;NA;NA
CZ0510405;91D0;0,078239641;0;2
CZ0510405;9140;0,18057231;0;4
CZ0510405;6430;NA;NA;NA
CZ0510408;9410;0,525254533;0;7
CZ0510408;7110;NA;NA;NA
CZ0510408;9110;0,07941561;0;3
CZ0510408;91D0;1,684485492;0;8
CZ0510412;9410;5,180642611;1,768701694;20
CZ0510412;7110;NA;NA;NA
CZ0510412;4030;NA;NA;NA
CZ0510412;8220;NA;NA;NA
CZ0510412;7140;NA;NA;NA
CZ0510412;91D0;3,973794282;1,323232438;14
CZ0510415;9410;4,819794873;0;32
CZ0510415;7110;NA;NA;NA
CZ0510415;6230;NA;NA;NA
CZ0510415;3260;NA;NA;NA
CZ0510415;7140;NA;NA;NA
CZ0510415;91D0;4,674969182;0;44
CZ0510441;9170;2,346781687;0;10
CZ0510441;91I0;1,733940187;0;9
CZ0510441;6510;NA;NA;NA
CZ0510441;8220;NA;NA;NA
CZ0510441;9180;4,342950673;0;17
CZ0510441;9,10E+01;0,088788457;0;2
CZ0510508;9110;5,773845968;1,545543238;19
CZ0510508;4030;NA;NA;NA
CZ0510508;6510;NA;NA;NA
CZ0510508;8220;NA;NA;NA
CZ0510508;8150;NA;NA;NA
CZ0510509;9130;0,34716099;0;2
CZ0510509;9180;0,086790644;0;2
CZ0513506;6410;NA;NA;NA
CZ0513506;3260;NA;NA;NA
CZ0513506;2330;NA;NA;NA
CZ0513506;7140;NA;NA;NA
CZ0513506;3150;NA;NA;NA
CZ0513506;91D0;0,6393902;0;4
CZ0513506;9,10E+01;0;0;1
CZ0513506;3140;NA;NA;NA
CZ0513506;6430;NA;NA;NA
CZ0514041;9130;0,006243961;0;1
CZ0514041;9110;3,226928292;1,829427713;12
CZ0514041;4030;NA;NA;NA
CZ0514041;8220;NA;NA;NA
CZ0514041;8310;NA;NA;NA
CZ0514042;9410;14,67903853;10,56116898;20
CZ0514042;6410;NA;NA;NA
CZ0514042;9110;15,90533264;6,831092431;27
CZ0514042;4030;NA;NA;NA
CZ0514042;8310;NA;NA;NA
CZ0514042;2330;NA;NA;NA
CZ0514042;7150;NA;NA;NA
CZ0514042;7140;NA;NA;NA
CZ0514042;3160;NA;NA;NA
CZ0514042;3150;NA;NA;NA
CZ0514042;91D0;4,782982495;0;22
CZ0514042;91T0;0,101898028;0;3
CZ0514042;3140;NA;NA;NA
CZ0514042;6430;NA;NA;NA
CZ0514042;7230;NA;NA;NA
CZ0514113;8310;NA;NA;NA
CZ0514113;3140;NA;NA;NA
CZ0514243;9110;0,972627457;0;3
CZ0514243;8220;NA;NA;NA
CZ0514243;8310;NA;NA;NA
CZ0514667;8310;NA;NA;NA
CZ0514668;9110;0;0;0
CZ0514668;6230;NA;NA;NA
CZ0514668;6520;NA;NA;NA
CZ0514668;9180;0;0;0
CZ0514669;6410;NA;NA;NA
CZ0514669;7150;NA;NA;NA
CZ0514669;7140;NA;NA;NA
CZ0514669;3160;NA;NA;NA
CZ0514669;3150;NA;NA;NA
CZ0514669;91D0;0;0;0
CZ0514670;6410;NA;NA;NA
CZ0514670;9130;0;0;0
CZ0514670;9170;0,564922216;0;3
CZ0514670;6510;NA;NA;NA
CZ0514670;8220;NA;NA;NA
CZ0514670;9180;0;0;0
CZ0514670;7140;NA;NA;NA
CZ0514670;3150;NA;NA;NA
CZ0514672;3220;NA;NA;NA
CZ0514672;9130;6,71E-05;0;1
CZ0514672;9110;0,169106321;0;1
CZ0514672;4030;NA;NA;NA
CZ0514672;8220;NA;NA;NA
CZ0514672;9180;0,809320858;0;4
CZ0514672;3260;NA;NA;NA
CZ0514672;6430;NA;NA;NA
CZ0520008;8210;NA;NA;NA
CZ0520009;6410;NA;NA;NA
CZ0520009;9170;3,772263085;0;5
CZ0520009;6510;NA;NA;NA
CZ0520020;9130;0,661954212;0;2
CZ0520020;9110;0;0;2
CZ0520020;8220;NA;NA;NA
CZ0520022;6410;NA;NA;NA
CZ0520022;9170;0,091068301;0;2
CZ0520022;6510;NA;NA;NA
CZ0520022;3150;NA;NA;NA
CZ0520022;7230;NA;NA;NA
CZ0520028;8210;NA;NA;NA
CZ0520028;9180;0,007751209;0;2
CZ0520028;7220;NA;NA;NA
CZ0520030;9170;48,67055959;13,73092942;93
CZ0520030;9,10E+01;0,081713203;0;1
CZ0520038;9170;6,61332531;0;28
CZ0520038;9190;0,494073383;0;2
CZ0520178;9130;0,955624649;0;10
CZ0520178;9110;0,600462605;0;7
CZ0520178;6510;NA;NA;NA
CZ0520178;9,10E+01;0,08504715;0;4
CZ0520184;9170;1,842837783;0;3
CZ0520184;9190;0,110686934;0;2
CZ0520507;9130;0,096807879;0;3
CZ0520507;6510;NA;NA;NA
CZ0520507;8210;NA;NA;NA
CZ0520507;9180;0,075700773;0;2
CZ0520508;9130;0,585913959;0;7
CZ0520508;6510;NA;NA;NA
CZ0520508;8210;NA;NA;NA
CZ0520511;9130;0;0;0
CZ0520511;9110;1,655697786;1,291656134;5
CZ0520511;6510;NA;NA;NA
CZ0520511;9,10E+01;0,149906514;0;1
CZ0520518;9130;1,314032585;0;45
CZ0520518;9110;3,141787526;0;71
CZ0520518;4030;NA;NA;NA
CZ0520518;8220;NA;NA;NA
CZ0520518;8310;NA;NA;NA
CZ0520519;9410;0,864274809;0;14
CZ0520519;9110;0,684023621;0;19
CZ0520519;8220;NA;NA;NA
CZ0520519;8310;NA;NA;NA
CZ0520519;7140;NA;NA;NA
CZ0520519;91D0;0,573412687;0;5
CZ0520600;9410;1,20751341;1,166920734;5
CZ0520600;9130;1,28589316;0;4
CZ0520600;9110;5,774616436;1,205803279;10
CZ0520603;6230;NA;NA;NA
CZ0520603;6510;NA;NA;NA
CZ0520603;6430;NA;NA;NA
CZ0520604;9130;1,0569243;0;10
CZ0520604;9110;13,20944481;8,015875629;28
CZ0520604;8220;NA;NA;NA
CZ0520604;9180;0,950400408;0;12
CZ0523267;6520;NA;NA;NA
CZ0523267;9,10E+01;0,529237613;0;18
CZ0523268;6410;NA;NA;NA
CZ0523268;9170;0,086654574;0;1
CZ0523268;9,10E+01;0,123840849;0;2
CZ0524044;9410;364,3904017;299,9454418;228
CZ0524044;7110;NA;NA;NA
CZ0524044;4060;NA;NA;NA
CZ0524044;9130;80,44009845;43,02406838;355
CZ0524044;9110;303,3803633;184,2881499;809
CZ0524044;6230;NA;NA;NA
CZ0524044;4030;NA;NA;NA
CZ0524044;6510;NA;NA;NA
CZ0524044;6520;NA;NA;NA
CZ0524044;8220;NA;NA;NA
CZ0524044;8310;NA;NA;NA
CZ0524044;4070;NA;NA;NA
CZ0524044;9180;12,01785455;2,435238114;67
CZ0524044;7140;NA;NA;NA
CZ0524044;91D0;4,043189021;0;20
CZ0524044;6150;NA;NA;NA
CZ0524044;8110;NA;NA;NA
CZ0524044;9,10E+01;10,07699894;1,642846203;140
CZ0524044;9140;47,64185711;22,89456375;252
CZ0524044;4080;NA;NA;NA
CZ0524044;6430;NA;NA;NA
CZ0524045;6410;NA;NA;NA
CZ0524045;9,10E+01;0;0;0
CZ0524045;91F0;0;0;0
CZ0524046;9410;11,84464276;4,835293674;20
CZ0524046;9130;9,015909551;1,652807923;26
CZ0524046;9110;21,64007765;6,953995959;51
CZ0524046;6520;NA;NA;NA
CZ0524046;6430;NA;NA;NA
CZ0524047;9130;0,828934421;0;10
CZ0524047;9110;11,70060176;0;54
CZ0524047;8220;NA;NA;NA
CZ0524047;9180;0,110016656;0;4
CZ0524047;3260;NA;NA;NA
CZ0524047;8150;NA;NA;NA
CZ0524048;7230;NA;NA;NA
CZ0524049;6410;NA;NA;NA
CZ0524049;6510;NA;NA;NA
CZ0524049;3260;NA;NA;NA
CZ0524049;2330;NA;NA;NA
CZ0524049;3150;NA;NA;NA
CZ0524049;9,10E+01;0,298647303;0;25
CZ0524049;91F0;0,067418855;0;11
CZ0524049;6430;NA;NA;NA
CZ0524050;9170;9,410375641;0;26
CZ0524050;3150;NA;NA;NA
CZ0530020;9130;19,15895998;3,376441881;55
CZ0530020;8210;NA;NA;NA
CZ0530020;9180;1,374252867;0;12
CZ0530021;9170;0,955270846;0;3
CZ0530021;7140;NA;NA;NA
CZ0530021;3150;NA;NA;NA
CZ0530021;9190;0;0;1
CZ0530027;9130;2,888419321;0;10
CZ0530027;9,10E+01;0,311181569;0;2
CZ0530027;6430;NA;NA;NA
CZ0530028;9130;2,921318634;2,007435656;7
CZ0530028;8210;NA;NA;NA
CZ0530033;9130;12,5395134;10,55323208;19
CZ0530033;9110;19,73886728;12,77363684;27
CZ0530033;6510;NA;NA;NA
CZ0530033;6210;NA;NA;NA
CZ0530034;9130;3,207207731;1,179738112;4
CZ0530034;9110;1,027257512;0;6
CZ0530034;9,10E+01;0;0;3
CZ0530037;9180;4,37E-08;0;1
CZ0530064;6410;NA;NA;NA
CZ0530146;9410;15,23334561;8,057173314;13
CZ0530146;7110;NA;NA;NA
CZ0530146;4060;NA;NA;NA
CZ0530146;9110;2,684389702;2,416331927;2
CZ0530146;8220;NA;NA;NA
CZ0530146;8310;NA;NA;NA
CZ0530146;91D0;0,171790715;0;1
CZ0530146;6150;NA;NA;NA
CZ0530146;8110;NA;NA;NA
CZ0530146;6430;NA;NA;NA
CZ0530149;9130;6,506852483;1,608055315;21
CZ0530149;6510;NA;NA;NA
CZ0530149;9180;0,103525059;0;1
CZ0530149;9,10E+01;0,783519571;0;1
CZ0530174;6410;NA;NA;NA
CZ0530174;9,10E+01;3,15E-08;0;3
CZ0530500;9130;0,500419859;0;9
CZ0530500;9110;0,250467979;0;4
CZ0530500;8220;NA;NA;NA
CZ0530500;9180;0,110960279;0;3
CZ0530500;6190;NA;NA;NA
CZ0530501;9130;1,104845721;0;4
CZ0530501;8210;NA;NA;NA
CZ0530501;9180;1,315550581;0;7
CZ0530502;2330;NA;NA;NA
CZ0530503;9130;0,947952996;0;2
CZ0530503;9110;0,691346081;0;2
CZ0530503;8220;NA;NA;NA
CZ0530504;6230;NA;NA;NA
CZ0532132;6510;NA;NA;NA
CZ0532132;6210;NA;NA;NA
CZ0533296;3140;NA;NA;NA
CZ0533303;3260;NA;NA;NA
CZ0534050;3150;NA;NA;NA
CZ0534051;6510;NA;NA;NA
CZ0534051;6210;NA;NA;NA
CZ0534051;9,10E+01;0,000441078;0;3
CZ0534052;3260;NA;NA;NA
CZ0534053;9130;0,510398559;0;5
CZ0534053;9110;0;0;3
CZ0534053;6510;NA;NA;NA
CZ0534053;8220;NA;NA;NA
CZ0534053;9180;1,031938609;0;5
CZ0534054;6410;NA;NA;NA
CZ0534054;7140;NA;NA;NA
CZ0534054;9,10E+01;1,582559957;0;6
CZ0534054;3140;NA;NA;NA
CZ0534054;6430;NA;NA;NA
CZ0534055;6410;NA;NA;NA
CZ0534055;7140;NA;NA;NA
CZ0610003;9130;3,873424273;2,878719228;6
CZ0610005;5130;NA;NA;NA
CZ0610005;9150;0,383732916;0;1
CZ0610022;6410;NA;NA;NA
CZ0610025;9130;0,479809171;0;5
CZ0610025;9170;0,191991728;0;5
CZ0610029;3130;NA;NA;NA
CZ0610030;3150;NA;NA;NA
CZ0610056;6510;NA;NA;NA
CZ0610056;6210;NA;NA;NA
CZ0610056;6210p;NA;NA;NA
CZ0610145;9,10E+01;0;0;0
CZ0610159;9130;1,596700825;0;8
CZ0610159;9180;0,006430884;0;1
CZ0610170;6230;NA;NA;NA
CZ0610170;3130;NA;NA;NA
CZ0610170;7140;NA;NA;NA
CZ0610175;9110;0;0;0
CZ0610179;9170;3,838316934;0;23
CZ0610179;6510;NA;NA;NA
CZ0610401;9130;0,001353467;0;1
CZ0610401;9110;4,57E-05;0;1
CZ0610412;9130;0,05851422;0;1
CZ0610412;9110;0;0;0
CZ0610412;9,10E+01;0,334013253;0;2
CZ0610512;3150;NA;NA;NA
CZ0610513;6230;NA;NA;NA
CZ0610514;6230;NA;NA;NA
CZ0610514;3140;NA;NA;NA
CZ0610515;6230;NA;NA;NA
CZ0610516;6230;NA;NA;NA
CZ0610517;6230;NA;NA;NA
CZ0610518;6230;NA;NA;NA
CZ0610519;3140;NA;NA;NA
CZ0612135;3130;NA;NA;NA
CZ0612137;3130;NA;NA;NA
CZ0612140;3130;NA;NA;NA
CZ0612143;3130;NA;NA;NA
CZ0612145;3130;NA;NA;NA
CZ0612149;8220;NA;NA;NA
CZ0613334;3260;NA;NA;NA
CZ0614053;9410;0,144950174;0;1
CZ0614053;6410;NA;NA;NA
CZ0614053;7140;NA;NA;NA
CZ0614053;91D0;3,838982591;3,798661498;3
CZ0614053;3140;NA;NA;NA
CZ0614054;6230;NA;NA;NA
CZ0614054;4030;NA;NA;NA
CZ0614054;5130;NA;NA;NA
CZ0614054;7140;NA;NA;NA
CZ0614056;6230;NA;NA;NA
CZ0614056;7140;NA;NA;NA
CZ0614057;3130;NA;NA;NA
CZ0614058;3130;NA;NA;NA
CZ0614058;3150;NA;NA;NA
CZ0614059;6410;NA;NA;NA
CZ0614059;6230;NA;NA;NA
CZ0614059;7140;NA;NA;NA
CZ0614059;7230;NA;NA;NA
CZ0614131;9170;13,09702451;1,072549892;88
CZ0614131;91I0;0;0;0
CZ0614131;8220;NA;NA;NA
CZ0614131;9180;0,249994635;0;11
CZ0614131;3260;NA;NA;NA
CZ0614131;6190;NA;NA;NA
CZ0614131;6210;NA;NA;NA
CZ0614132;3130;NA;NA;NA
CZ0614133;6510;NA;NA;NA
CZ0614133;6210;NA;NA;NA
CZ0614134;9170;1,123724454;0;23
CZ0614134;91I0;0,010664956;0;2
CZ0614134;8220;NA;NA;NA
CZ0614134;9180;0,107979295;0;7
CZ0614134;3260;NA;NA;NA
CZ0614134;6190;NA;NA;NA
CZ0614134;6210;NA;NA;NA
CZ0614134;6240;NA;NA;NA
CZ0614135;7140;NA;NA;NA
CZ0614136;7140;NA;NA;NA
CZ0614137;7140;NA;NA;NA
CZ0620001;6240;NA;NA;NA
CZ0620002;6210;NA;NA;NA
CZ0620002;6210p;NA;NA;NA
CZ0620002;6240;NA;NA;NA
CZ0620003;6210;NA;NA;NA
CZ0620004;4030;NA;NA;NA
CZ0620004;40A0;NA;NA;NA
CZ0620004;6210p;NA;NA;NA
CZ0620005;91G0;0;0;0
CZ0620005;6210;NA;NA;NA
CZ0620005;6210p;NA;NA;NA
CZ0620006;6210;NA;NA;NA
CZ0620006;6240;NA;NA;NA
CZ0620007;6210;NA;NA;NA
CZ0620008;6210p;NA;NA;NA
CZ0620009;3130;NA;NA;NA
CZ0620010;3260;NA;NA;NA
CZ0620011;6210;NA;NA;NA
CZ0620011;6210p;NA;NA;NA
CZ0620013;8160;NA;NA;NA
CZ0620014;6210p;NA;NA;NA
CZ0620014;6240;NA;NA;NA
CZ0620016;6210;NA;NA;NA
CZ0620016;6210p;NA;NA;NA
CZ0620017;6210p;NA;NA;NA
CZ0620018;6210;NA;NA;NA
CZ0620018;6240;NA;NA;NA
CZ0620020;6210;NA;NA;NA
CZ0620020;6210p;NA;NA;NA
CZ0620024;2330;NA;NA;NA
CZ0620024;6260;NA;NA;NA
CZ0620031;1340;NA;NA;NA
CZ0620037;9170;1,956487645;1,506353989;10
CZ0620037;91I0;1,536377918;0;14
CZ0620048;6210;NA;NA;NA
CZ0620048;6240;NA;NA;NA
CZ0620049;6240;NA;NA;NA
CZ0620051;6240;NA;NA;NA
CZ0620051;6110;NA;NA;NA
CZ0620055;91G0;14,12399656;9,270032769;12
CZ0620056;6210;NA;NA;NA
CZ0620073;2330;NA;NA;NA
CZ0620076;1340;NA;NA;NA
CZ0620078;6410;NA;NA;NA
CZ0620078;3140;NA;NA;NA
CZ0620078;7230;NA;NA;NA
CZ0620084;3150;NA;NA;NA
CZ0620084;9,10E+01;0,826242403;0;7
CZ0620084;91F0;20,31786148;14,6016262;23
CZ0620101;91I0;8,860831862;6,896654062;15
CZ0620103;9170;7,148938327;0;25
CZ0620103;91I0;3,770188633;0;9
CZ0620103;91G0;19,28805604;0;43
CZ0620120;9170;0,261082805;0;2
CZ0620120;91I0;0;0;0
CZ0620120;6210;NA;NA;NA
CZ0620132;9130;0,020396954;0;2
CZ0620132;6510;NA;NA;NA
CZ0620132;8220;NA;NA;NA
CZ0620132;9180;0,089925967;0;1
CZ0620139;6210;NA;NA;NA
CZ0620147;6240;NA;NA;NA
CZ0620147;6110;NA;NA;NA
CZ0620154;8230;NA;NA;NA
CZ0620154;6210;NA;NA;NA
CZ0620158;91F0;2,089799611;1,406271941;5
CZ0620158;1340;NA;NA;NA
CZ0620162;40A0;NA;NA;NA
CZ0620162;6250;NA;NA;NA
CZ0620162;6240;NA;NA;NA
CZ0620169;91I0;0,422285491;0;3
CZ0620169;91G0;19,66358524;3,37272665;25
CZ0620169;6210;NA;NA;NA
CZ0620177;91I0;1,771037983;0;4
CZ0620177;91G0;2,964064191;0;10
CZ0620181;9,10E+01;0;0;0
CZ0620181;91F0;2,334918599;1,114730395;3
CZ0620187;1340;NA;NA;NA
CZ0620191;9130;0;0;0
CZ0620191;9170;0,099142979;0;1
CZ0620191;8220;NA;NA;NA
CZ0620191;9180;0;0;0
CZ0620191;3260;NA;NA;NA
CZ0620194;8220;NA;NA;NA
CZ0620194;9180;1,152161996;0;7
CZ0620204;9170;1,187207805;1,101886812;4
CZ0620245;9130;15,26495747;3,578160622;32
CZ0620245;9110;7,636084559;2,088428781;24
CZ0620245;6510;NA;NA;NA
CZ0620245;8220;NA;NA;NA
CZ0620245;9180;0,974259563;0;13
CZ0620245;9,10E+01;0,036346907;0;4
CZ0620412;9180;0,127548058;0;2
CZ0620412;8150;NA;NA;NA
CZ0620413;8220;NA;NA;NA
CZ0620413;8150;NA;NA;NA
CZ0620414;6230;NA;NA;NA
CZ0620415;3140;NA;NA;NA
CZ0620416;3130;NA;NA;NA
CZ0620417;6250;NA;NA;NA
CZ0620418;3130;NA;NA;NA
CZ0620419;6210;NA;NA;NA
CZ0620419;6240;NA;NA;NA
CZ0620421;91G0;18,68474525;3,13884073;34
CZ0622009;6210;NA;NA;NA
CZ0622037;3130;NA;NA;NA
CZ0622169;6210;NA;NA;NA
CZ0622217;6210;NA;NA;NA
CZ0622218;40A0;NA;NA;NA
CZ0622218;6250;NA;NA;NA
CZ0622218;6210;NA;NA;NA
CZ0622223;6240;NA;NA;NA
CZ0623004;9,10E+01;2,084334869;2,084334869;1
CZ0623030;3130;NA;NA;NA
CZ0623035;6250;NA;NA;NA
CZ0623041;3260;NA;NA;NA
CZ0623046;9,10E+01;0,001715037;0;1
CZ0623324;3260;NA;NA;NA
CZ0623798;9,10E+01;0,040594258;0;1
CZ0623799;91F0;6,210278158;4,366947279;5
CZ0624001;3260;NA;NA;NA
CZ0624001;6430;NA;NA;NA
CZ0624020;8210;NA;NA;NA
CZ0624020;8310;NA;NA;NA
CZ0624020;6190;NA;NA;NA
CZ0624020;6210;NA;NA;NA
CZ0624020;6240;NA;NA;NA
CZ0624020;6110;NA;NA;NA
CZ0624043;8210;NA;NA;NA
CZ0624043;8310;NA;NA;NA
CZ0624043;6190;NA;NA;NA
CZ0624043;6210;NA;NA;NA
CZ0624043;6240;NA;NA;NA
CZ0624043;8160;NA;NA;NA
CZ0624060;91I0;4,144193377;2,561912166;4
CZ0624060;91G0;8,741546201;4,023091215;16
CZ0624060;6250;NA;NA;NA
CZ0624060;6210;NA;NA;NA
CZ0624062;91I0;0;0;0
CZ0624062;91G0;0;0;0
CZ0624062;6210;NA;NA;NA
CZ0624064;6410;NA;NA;NA
CZ0624064;9170;27,5834037;10,14420774;71
CZ0624064;91I0;5,719987383;4,050929562;15
CZ0624064;91G0;0,719587598;0;6
CZ0624065;9170;0;0;0
CZ0624065;8310;NA;NA;NA
CZ0624065;9180;0;0;0
CZ0624065;91H0;0,001911304;0;1
CZ0624065;9150;0,132603569;0;1
CZ0624065;6240;NA;NA;NA
CZ0624066;9170;0;0;0
CZ0624066;6210;NA;NA;NA
CZ0624068;3270;NA;NA;NA
CZ0624068;3150;NA;NA;NA
CZ0624068;9,10E+01;0,079992868;0;3
CZ0624068;91F0;16,02176867;12,90365577;14
CZ0624068;6430;NA;NA;NA
CZ0624069;9170;9,618360799;1,005210152;17
CZ0624069;91I0;0;0;0
CZ0624069;6210;NA;NA;NA
CZ0624069;6210p;NA;NA;NA
CZ0624070;91I0;55,42612465;12,6693536;111
CZ0624070;2330;NA;NA;NA
CZ0624070;91G0;16,02898911;6,47487058;32
CZ0624070;6260;NA;NA;NA
CZ0624070;9,10E+01;9,677279176;2,193608402;28
CZ0624071;6410;NA;NA;NA
CZ0624071;6440;NA;NA;NA
CZ0624071;3150;NA;NA;NA
CZ0624071;9,10E+01;0,178134952;0;1
CZ0624071;91F0;12,10440657;5,98480527;9
CZ0624072;6410;NA;NA;NA
CZ0624072;9130;5,760374478;3,134613818;28
CZ0624072;9170;24,60773111;7,398029446;57
CZ0624072;91I0;1,35E-07;0;1
CZ0624072;6510;NA;NA;NA
CZ0624072;91G0;0;0;0
CZ0624072;7220;NA;NA;NA
CZ0624072;6210;NA;NA;NA
CZ0624072;6210p;NA;NA;NA
CZ0624072;9,10E+01;0,006903359;0;4
CZ0624072;3140;NA;NA;NA
CZ0624072;6430;NA;NA;NA
CZ0624094;9170;0;0;0
CZ0624095;3270;NA;NA;NA
CZ0624095;9170;21,40454648;10,48312064;51
CZ0624095;6510;NA;NA;NA
CZ0624095;8220;NA;NA;NA
CZ0624095;8210;NA;NA;NA
CZ0624095;40A0;NA;NA;NA
CZ0624095;91U0;0;0;0
CZ0624095;9180;0,826435242;0;10
CZ0624095;6190;NA;NA;NA
CZ0624095;91H0;0,322068042;0;3
CZ0624095;8230;NA;NA;NA
CZ0624095;3150;NA;NA;NA
CZ0624095;8150;NA;NA;NA
CZ0624096;9170;14,90909287;3,799780683;77
CZ0624096;91I0;0,086340735;0;5
CZ0624096;4030;NA;NA;NA
CZ0624096;6510;NA;NA;NA
CZ0624096;5130;NA;NA;NA
CZ0624096;8220;NA;NA;NA
CZ0624096;8310;NA;NA;NA
CZ0624096;40A0;NA;NA;NA
CZ0624096;9180;0,182895223;0;7
CZ0624096;3260;NA;NA;NA
CZ0624096;6190;NA;NA;NA
CZ0624096;8230;NA;NA;NA
CZ0624096;6210;NA;NA;NA
CZ0624096;8150;NA;NA;NA
CZ0624097;6210;NA;NA;NA
CZ0624098;8310;NA;NA;NA
CZ0624099;6510;NA;NA;NA
CZ0624099;6440;NA;NA;NA
CZ0624099;3150;NA;NA;NA
CZ0624099;9,10E+01;2,706195661;0;17
CZ0624099;91F0;71,45733222;38,3467359;101
CZ0624100;91I0;29,51165753;22,58628008;19
CZ0624100;91G0;49,25463572;41,84907331;28
CZ0624100;91H0;0,081454272;0;3
CZ0624100;6210;NA;NA;NA
CZ0624100;6240;NA;NA;NA
CZ0624101;91I0;10,12062551;1,257774025;22
CZ0624101;91G0;15,38919486;8,184615929;26
CZ0624101;6240;NA;NA;NA
CZ0624102;1340;NA;NA;NA
CZ0624103;3150;NA;NA;NA
CZ0624103;9,10E+01;0,101692148;0;3
CZ0624103;91F0;25,13701306;20,65122838;27
CZ0624104;8210;NA;NA;NA
CZ0624104;9180;0,630712562;0;11
CZ0624104;91G0;1,117687362;0;6
CZ0624104;6190;NA;NA;NA
CZ0624104;91H0;0,054901548;0;2
CZ0624104;6210;NA;NA;NA
CZ0624104;6240;NA;NA;NA
CZ0624104;8160;NA;NA;NA
CZ0624106;9170;34,39223495;16,32479725;73
CZ0624106;91G0;10,95023436;5,847893271;19
CZ0624108;6250;NA;NA;NA
CZ0624112;6250;NA;NA;NA
CZ0624114;91I0;9,242854457;4,318783959;17
CZ0624114;91G0;24,01307148;7,177541118;39
CZ0624114;6210;NA;NA;NA
CZ0624114;6210p;NA;NA;NA
CZ0624114;6240;NA;NA;NA
CZ0624115;6210;NA;NA;NA
CZ0624115;6210p;NA;NA;NA
CZ0624115;6240;NA;NA;NA
CZ0624116;6250;NA;NA;NA
CZ0624118;6210;NA;NA;NA
CZ0624119;3270;NA;NA;NA
CZ0624119;6410;NA;NA;NA
CZ0624119;6440;NA;NA;NA
CZ0624119;3260;NA;NA;NA
CZ0624119;3130;NA;NA;NA
CZ0624119;91G0;15,2860183;10,59305984;28
CZ0624119;6210;NA;NA;NA
CZ0624119;3150;NA;NA;NA
CZ0624119;9,10E+01;1,291648956;0;27
CZ0624119;91F0;410,3704863;349,1219494;231
CZ0624119;6430;NA;NA;NA
CZ0624128;8220;NA;NA;NA
CZ0624128;40A0;NA;NA;NA
CZ0624128;6190;NA;NA;NA
CZ0624128;6240;NA;NA;NA
CZ0624128;6110;NA;NA;NA
CZ0624129;9130;2,652457717;1,410443111;18
CZ0624129;6510;NA;NA;NA
CZ0624129;6430;NA;NA;NA
CZ0624130;9130;73,34366254;21,49428196;204
CZ0624130;9170;24,29682844;3,840410882;144
CZ0624130;6510;NA;NA;NA
CZ0624130;8210;NA;NA;NA
CZ0624130;8310;NA;NA;NA
CZ0624130;9180;2,014115701;0;50
CZ0624130;91G0;1,995042873;0;10
CZ0624130;6190;NA;NA;NA
CZ0624130;91H0;4,17E-07;0;1
CZ0624130;6210;NA;NA;NA
CZ0624130;9,10E+01;0,15282902;0;9
CZ0624130;9150;0,5900118;0;13
CZ0624130;6240;NA;NA;NA
CZ0624130;8160;NA;NA;NA
CZ0624132;9130;39,79683728;23,129394;64
CZ0624132;9170;12,33776804;1,272757412;48
CZ0624132;8220;NA;NA;NA
CZ0624132;9180;2,88516556;0;17
CZ0624234;6190;NA;NA;NA
CZ0624234;6240;NA;NA;NA
CZ0624235;6210;NA;NA;NA
CZ0624235;6110;NA;NA;NA
CZ0624236;6210;NA;NA;NA
CZ0624236;6240;NA;NA;NA
CZ0710004;6510;NA;NA;NA
CZ0710006;9170;9,553727916;0;17
CZ0710006;6510;NA;NA;NA
CZ0710007;9170;8,496432257;2,168805928;15
CZ0710007;6510;NA;NA;NA
CZ0710007;9,10E+01;0,215652022;0;6
CZ0710034;9170;0;0;0
CZ0710148;9170;4,150452589;0;6
CZ0710148;6510;NA;NA;NA
CZ0710161;9170;12,70758161;1,161866191;46
CZ0710161;91F0;24,08167757;3,094758708;72
CZ0710182;6410;NA;NA;NA
CZ0710182;9170;3,072322239;2,210240218;9
CZ0710182;3150;NA;NA;NA
CZ0710182;9,10E+01;0;0;0
CZ0710183;9130;0,001310867;0;2
CZ0710183;9110;2,401402843;1,650642358;6
CZ0710183;6510;NA;NA;NA
CZ0710183;8220;NA;NA;NA
CZ0710183;9180;0,005921254;0;3
CZ0710183;9,10E+01;0;0;0
CZ0710505;40A0;NA;NA;NA
CZ0712225;6210;NA;NA;NA
CZ0714073;6410;NA;NA;NA
CZ0714073;9170;125,1583188;23,09034181;256
CZ0714073;6510;NA;NA;NA
CZ0714073;8310;NA;NA;NA
CZ0714073;9,10E+01;2,458922848;0;31
CZ0714073;91F0;137,2215664;42,82013022;244
CZ0714075;9410;141,102233;96,11708387;84
CZ0714075;7110;NA;NA;NA
CZ0714075;4060;NA;NA;NA
CZ0714075;9110;38,43425247;22,95592623;52
CZ0714075;8220;NA;NA;NA
CZ0714075;91D0;0,267955671;0;3
CZ0714075;6150;NA;NA;NA
CZ0714075;6430;NA;NA;NA
CZ0714076;6510;NA;NA;NA
CZ0714076;8210;NA;NA;NA
CZ0714076;6210;NA;NA;NA
CZ0714077;9410;241,2303201;193,6288211;153
CZ0714077;7110;NA;NA;NA
CZ0714077;4060;NA;NA;NA
CZ0714077;9110;22,54727199;11,21073526;44
CZ0714077;8220;NA;NA;NA
CZ0714077;7140;NA;NA;NA
CZ0714077;91D0;8,476492077;4,605185871;18
CZ0714077;6150;NA;NA;NA
CZ0714077;8110;NA;NA;NA
CZ0714077;4080;NA;NA;NA
CZ0714077;6430;NA;NA;NA
CZ0714078;9130;2,368039951;2,367873153;3
CZ0714078;9110;0;0;0
CZ0714078;9180;0;0;0
CZ0714080;9130;2,566981932;0;10
CZ0714080;8210;NA;NA;NA
CZ0714080;8310;NA;NA;NA
CZ0714080;9180;0,000142756;0;1
CZ0714080;9150;1,181318388;0;6
CZ0714080;6110;NA;NA;NA
CZ0714081;9410;0;0;0
CZ0714081;7110;NA;NA;NA
CZ0714081;6230;NA;NA;NA
CZ0714081;7140;NA;NA;NA
CZ0714081;91D0;2,697512882;1,711293145;2
CZ0714081;6430;NA;NA;NA
CZ0714082;9170;0;0;0
CZ0714082;91F0;0,6777805;0;3
CZ0714083;4030;NA;NA;NA
CZ0714083;6210p;NA;NA;NA
CZ0714084;9130;25,25151977;2,161764443;66
CZ0714084;9110;16,71523524;3,55228235;51
CZ0714084;8220;NA;NA;NA
CZ0714085;6510;NA;NA;NA
CZ0714085;3150;NA;NA;NA
CZ0714085;9,10E+01;1,503447651;0;24
CZ0714085;91F0;178,8682397;88,24827567;208
CZ0714085;6430;NA;NA;NA
CZ0714086;9410;20,50486121;15,87751953;21
CZ0714086;7110;NA;NA;NA
CZ0714086;9130;32,50721497;18,3926233;126
CZ0714086;9110;104,0440798;46,11900336;234
CZ0714086;6510;NA;NA;NA
CZ0714086;8220;NA;NA;NA
CZ0714086;8210;NA;NA;NA
CZ0714086;8310;NA;NA;NA
CZ0714086;9180;8,04508731;3,643755758;59
CZ0714086;9,10E+01;0,397599912;0;19
CZ0714086;6430;NA;NA;NA
CZ0714133;6410;NA;NA;NA
CZ0714133;9130;88,72897579;20,73320282;197
CZ0714133;9110;6,864097495;3,816426017;16
CZ0714133;6230;NA;NA;NA
CZ0714133;9170;19,29837029;6,525942558;63
CZ0714133;6510;NA;NA;NA
CZ0714133;8220;NA;NA;NA
CZ0714133;40A0;NA;NA;NA
CZ0714133;9180;9,744031686;0;65
CZ0714133;3130;NA;NA;NA
CZ0714133;7140;NA;NA;NA
CZ0714133;3150;NA;NA;NA
CZ0714133;9,10E+01;0,618496928;0;19
CZ0714133;8150;NA;NA;NA
CZ0714133;6430;NA;NA;NA
CZ0714771;8310;NA;NA;NA
CZ0714772;9130;29,17251652;19,62886155;28
CZ0714772;9110;3,68817316;2,24832451;5
CZ0714772;8220;NA;NA;NA
CZ0714772;9180;0,386071726;0;8
CZ0720013;91I0;0;0;2
CZ0720013;6510;NA;NA;NA
CZ0720013;6210;NA;NA;NA
CZ0720016;9170;0;0;0
CZ0720016;91I0;0;0;1
CZ0720016;6210;NA;NA;NA
CZ0720016;9,10E+01;0;0;0
CZ0720033;9130;20,83124943;17,62979714;47
CZ0720033;9170;1,100773119;0;16
CZ0720033;6510;NA;NA;NA
CZ0720033;8220;NA;NA;NA
CZ0720033;7220;NA;NA;NA
CZ0720033;6210;NA;NA;NA
CZ0720033;6210p;NA;NA;NA
CZ0720033;7140;NA;NA;NA
CZ0720033;6430;NA;NA;NA
CZ0720058;6510;NA;NA;NA
CZ0720153;9130;3,544526449;0;10
CZ0720153;9170;16,23968905;4,495904629;33
CZ0720185;9110;0,841003649;0;9
CZ0720185;6230;NA;NA;NA
CZ0720185;9170;0,199780481;0;5
CZ0720185;6510;NA;NA;NA
CZ0720185;7220;NA;NA;NA
CZ0720185;9,10E+01;0,061359117;0;2
CZ0720190;9130;0,271550035;0;4
CZ0720190;7220;NA;NA;NA
CZ0720192;9130;17,57633151;13,3080588;17
CZ0720192;9170;1,447485524;1,379078344;4
CZ0720192;7220;NA;NA;NA
CZ0720192;9,10E+01;0;0;0
CZ0720420;9170;8,81987398;6,892006861;20
CZ0720420;91I0;0;0;1
CZ0720420;6510;NA;NA;NA
CZ0720420;6210;NA;NA;NA
CZ0720420;9,10E+01;1,216390187;1,053576884;4
CZ0720422;9170;6,63788297;0;55
CZ0720422;6510;NA;NA;NA
CZ0720422;9180;0,450349953;0;3
CZ0720422;9,10E+01;1,196559668;0;8
CZ0720428;9130;15,24667747;9,533279634;21
CZ0720428;9170;2,759932135;0;16
CZ0720428;6510;NA;NA;NA
CZ0720428;7220;NA;NA;NA
CZ0720428;6210;NA;NA;NA
CZ0720428;6210p;NA;NA;NA
CZ0720435;9130;9,404847207;0;28
CZ0720435;9170;0,006135689;0;1
CZ0720435;6510;NA;NA;NA
CZ0720435;5130;NA;NA;NA
CZ0720435;7220;NA;NA;NA
CZ0720435;6210;NA;NA;NA
CZ0720435;6210p;NA;NA;NA
CZ0720437;9130;3,211888093;2,200339918;8
CZ0720437;9170;0,648400696;0;3
CZ0720437;6510;NA;NA;NA
CZ0720437;9180;0,25167613;0;6
CZ0720437;7220;NA;NA;NA
CZ0720437;6210;NA;NA;NA
CZ0720437;9,10E+01;0,251808795;0;3
CZ0720437;6430;NA;NA;NA
CZ0720441;9130;0,568011041;0;3
CZ0720441;9170;0,127579368;0;1
CZ0720441;6510;NA;NA;NA
CZ0720441;7220;NA;NA;NA
CZ0720441;6210;NA;NA;NA
CZ0720441;6210p;NA;NA;NA
CZ0720454;5130;NA;NA;NA
CZ0724087;9170;5,301002623;0;12
CZ0724087;91I0;0;0;0
CZ0724089;9410;25,91459125;15,76522474;97
CZ0724089;3220;NA;NA;NA
CZ0724089;3240;NA;NA;NA
CZ0724089;9130;237,1707914;91,43527945;749
CZ0724089;9110;238,4117769;119,6891363;862
CZ0724089;6230;NA;NA;NA
CZ0724089;9170;25,3275684;6,554521608;151
CZ0724089;6510;NA;NA;NA
CZ0724089;5130;NA;NA;NA
CZ0724089;8220;NA;NA;NA
CZ0724089;8310;NA;NA;NA
CZ0724089;9180;15,92849622;6,092461834;179
CZ0724089;7220;NA;NA;NA
CZ0724089;6210;NA;NA;NA
CZ0724089;9,10E+01;11,91257782;4,320509428;90
CZ0724089;9140;3,541469215;2,026470964;28
CZ0724089;6430;NA;NA;NA
CZ0724089;7230;NA;NA;NA
CZ0724090;6410;NA;NA;NA
CZ0724090;9130;157,1140938;72,231947;207
CZ0724090;9110;3,189812472;1,446465423;24
CZ0724090;9170;51,12263839;12,03525629;137
CZ0724090;91I0;0,000470908;0;1
CZ0724090;6510;NA;NA;NA
CZ0724090;9180;0,023978254;0;1
CZ0724090;91G0;0,778661805;0;6
CZ0724090;7220;NA;NA;NA
CZ0724090;6210;NA;NA;NA
CZ0724090;6210p;NA;NA;NA
CZ0724090;9,10E+01;1,848510151;0;26
CZ0724090;3140;NA;NA;NA
CZ0724090;6430;NA;NA;NA
CZ0724090;7230;NA;NA;NA
CZ0724091;6410;NA;NA;NA
CZ0724091;9130;254,2817705;125,0233988;502
CZ0724091;9170;82,71235318;27,74884824;324
CZ0724091;6510;NA;NA;NA
CZ0724091;8220;NA;NA;NA
CZ0724091;8310;NA;NA;NA
CZ0724091;9180;0,099688514;0;2
CZ0724091;7220;NA;NA;NA
CZ0724091;6210;NA;NA;NA
CZ0724091;6210p;NA;NA;NA
CZ0724091;9,10E+01;2,978172026;0;62
CZ0724091;6430;NA;NA;NA
CZ0724107;91F0;30,86979754;18,5861404;46
CZ0724120;6510;NA;NA;NA
CZ0724120;3150;NA;NA;NA
CZ0724120;9,10E+01;0;0;0
CZ0724120;91F0;9,70316927;5,710985523;8
CZ0724121;9130;3,45E-06;0;10
CZ0724121;9170;0,108954579;0;9
CZ0724121;6510;NA;NA;NA
CZ0724121;5130;NA;NA;NA
CZ0724121;7220;NA;NA;NA
CZ0724121;6210;NA;NA;NA
CZ0724429;9130;17,61977722;4,11821487;58
CZ0724429;9110;8,331956118;0;35
CZ0724429;8310;NA;NA;NA
CZ0724429;9180;1,903821068;0;13
CZ0724430;9130;15,90406887;6,311152405;30
CZ0724430;9170;0,735380781;0;6
CZ0724430;6510;NA;NA;NA
CZ0724430;9180;0,41439213;0;4
CZ0724430;7220;NA;NA;NA
CZ0724430;6210;NA;NA;NA
CZ0724430;6210p;NA;NA;NA
CZ0724430;9,10E+01;0;0;0
CZ0810001;6510;NA;NA;NA
CZ0810001;9180;5,94E-05;0;23
CZ0810001;7220;NA;NA;NA
CZ0810004;3230;NA;NA;NA
CZ0810004;9170;0;0;0
CZ0810004;9,10E+01;0;0;0
CZ0810014;7140;NA;NA;NA
CZ0810014;9,10E+01;0;0;0
CZ0810018;9130;36,18328105;29,82657228;23
CZ0810018;9110;1,114284887;1,084480954;3
CZ0810018;9180;0,213414363;0;6
CZ0810021;9180;0,323289663;0;8
CZ0810021;7220;NA;NA;NA
CZ0810031;9130;0,000798213;0;6
CZ0810032;9130;0;0;0
CZ0810035;9130;0;0;1
CZ0810035;9170;0;0;0
CZ0810035;6510;NA;NA;NA
CZ0810036;6510;NA;NA;NA
CZ0810036;8210;NA;NA;NA
CZ0810036;9180;0,603829931;0;6
CZ0810036;6190;NA;NA;NA
CZ0810036;7220;NA;NA;NA
CZ0810036;6210;NA;NA;NA
CZ0810036;6210p;NA;NA;NA
CZ0810036;6110;NA;NA;NA
CZ0810423;9170;0;0;0
CZ0810423;9190;0;0;0
CZ0810424;3150;NA;NA;NA
CZ0810424;3140;NA;NA;NA
CZ0810425;3140;NA;NA;NA
CZ0813439;3260;NA;NA;NA
CZ0813456;3260;NA;NA;NA
CZ0813456;9,10E+01;1,83E-07;0;1
CZ0813456;6430;NA;NA;NA
CZ0813462;3220;NA;NA;NA
CZ0813462;3240;NA;NA;NA
CZ0813474;9130;0;0;0
CZ0813516;3220;NA;NA;NA
CZ0813516;3240;NA;NA;NA
CZ0813516;9,10E+01;0;0;0
CZ0814092;9170;3,67415461;0;43
CZ0814092;6510;NA;NA;NA
CZ0814092;3130;NA;NA;NA
CZ0814092;3150;NA;NA;NA
CZ0814092;9,10E+01;4,162669903;0;66
CZ0814092;91F0;4,814706517;2,217484703;36
CZ0814092;3140;NA;NA;NA
CZ0814093;9,10E+01;0,112083738;0;5
